brand, product_name, shipping
Kingston Technology Corp.,Kingston 4GB KTH-PL313 DDR3-1333 Server RAM,Free Shipping
SK hynix inc.,HYNIX 8GB PC3-8500 1066MHz RDIMM DDR3 HMT31GR7BFR4C SERVER RAM,Free Shipping
SK hynix inc.,HYNIX 8GB PC3-8500 1066MHz RDIMM DDR3 HMT31GR7BFR4C SERVER RAM,Free Shipping
SK hynix inc.,HYNIX 8GB PC3-8500 1066MHz RDIMM DDR3 HMT31GR7BFR4C SERVER RAM,Free Shipping
SK hynix inc.,HYNIX 8GB PC3-8500 1066MHz RDIMM DDR3 HMT31GR7BFR4C SERVER RAM,Free Shipping
SK hynix inc.,HYNIX 8GB PC3-8500 1066MHz RDIMM DDR3 HMT31GR7BFR4C SERVER RAM,Free Shipping
SK hynix inc.,HYNIX 8GB PC3-8500 1066MHz RDIMM DDR3 HMT31GR7BFR4C SERVER RAM,Free Shipping
SK hynix inc.,HYNIX 8GB PC3-8500 1066MHz RDIMM DDR3 HMT31GR7BFR4C SERVER RAM,Free Shipping
SK hynix inc.,HYNIX 8GB PC3-8500 1066MHz RDIMM DDR3 HMT31GR7BFR4C SERVER RAM,Free Shipping
SK hynix inc.,HYNIX 8GB PC3-8500 1066MHz RDIMM DDR3 HMT31GR7BFR4C SERVER RAM,Free Shipping
SK hynix inc.,HYNIX 8GB PC3-8500 1066MHz RDIMM DDR3 HMT31GR7BFR4C SERVER RAM,Free Shipping
SK hynix inc.,HYNIX 8GB PC3-8500 1066MHz RDIMM DDR3 HMT31GR7BFR4C SERVER RAM,Free Shipping
SK hynix inc.,HYNIX 8GB PC3-8500 1066MHz RDIMM DDR3 HMT31GR7BFR4C SERVER RAM,Free Shipping
SK hynix inc.,HYNIX 8GB PC3-8500 1066MHz RDIMM DDR3 HMT31GR7BFR4C SERVER RAM,Free Shipping
SK hynix inc.,HYNIX 8GB PC3-8500 1066MHz RDIMM DDR3 HMT31GR7BFR4C SERVER RAM,Free Shipping
SK hynix inc.,HYNIX 8GB PC3-8500 1066MHz RDIMM DDR3 HMT31GR7BFR4C SERVER RAM,Free Shipping
SK hynix inc.,HYNIX 8GB PC3-8500 1066MHz RDIMM DDR3 HMT31GR7BFR4C SERVER RAM,Free Shipping
SK hynix inc.,HYNIX 8GB PC3-8500 1066MHz RDIMM DDR3 HMT31GR7BFR4C SERVER RAM,Free Shipping
SK hynix inc.,HYNIX 8GB PC3-8500 1066MHz RDIMM DDR3 HMT31GR7BFR4C SERVER RAM,Free Shipping
SK hynix inc.,HYNIX 8GB PC3-8500 1066MHz RDIMM DDR3 HMT31GR7BFR4C SERVER RAM,Free Shipping
SK hynix inc.,HYNIX 8GB PC3-8500 1066MHz RDIMM DDR3 HMT31GR7BFR4C SERVER RAM,Free Shipping
SK hynix inc.,HYNIX 8GB PC3-8500 1066MHz RDIMM DDR3 HMT31GR7BFR4C SERVER RAM,Free Shipping
SK hynix inc.,HYNIX 8GB PC3-8500 1066MHz RDIMM DDR3 HMT31GR7BFR4C SERVER RAM,Free Shipping
SK hynix inc.,HYNIX 8GB PC3-8500 1066MHz RDIMM DDR3 HMT31GR7BFR4C SERVER RAM,Free Shipping
SK hynix inc.,HYNIX 8GB PC3-8500 1066MHz RDIMM DDR3 HMT31GR7BFR4C SERVER RAM,Free Shipping
SK hynix inc.,HYNIX 8GB PC3-8500 1066MHz RDIMM DDR3 HMT31GR7BFR4C SERVER RAM,Free Shipping
SK hynix inc.,HYNIX 8GB PC3-8500 1066MHz RDIMM DDR3 HMT31GR7BFR4C SERVER RAM,Free Shipping
Kingston Technology Corp.,KINGSTON KTM-SX310Q/4G 4GB DDR3 SDRAM ECC REGISTERED 1066 PC3 SERVER MEMORY RAM,Free Shipping
Kingston Technology Corp.,KINGSTON KTM-SX310Q/4G 4GB DDR3 SDRAM ECC REGISTERED 1066 PC3 SERVER MEMORY RAM,Free Shipping
Kingston Technology Corp.,KINGSTON KTM-SX310Q/4G 4GB DDR3 SDRAM ECC REGISTERED 1066 PC3 SERVER MEMORY RAM,Free Shipping
Kingston Technology Corp.,KINGSTON KTM-SX310Q/4G 4GB DDR3 SDRAM ECC REGISTERED 1066 PC3 SERVER MEMORY RAM,Free Shipping
Kingston Technology Corp.,KINGSTON KTM-SX310Q/4G 4GB DDR3 SDRAM ECC REGISTERED 1066 PC3 SERVER MEMORY RAM,Free Shipping
Kingston Technology Corp.,KINGSTON KTM-SX310Q/4G 4GB DDR3 SDRAM ECC REGISTERED 1066 PC3 SERVER MEMORY RAM,Free Shipping
Kingston Technology Corp.,KINGSTON KTM-SX310Q/4G 4GB DDR3 SDRAM ECC REGISTERED 1066 PC3 SERVER MEMORY RAM,Free Shipping
Kingston Technology Corp.,KINGSTON KTM-SX310Q/4G 4GB DDR3 SDRAM ECC REGISTERED 1066 PC3 SERVER MEMORY RAM,Free Shipping
Kingston Technology Corp.,KINGSTON KTM-SX310Q/4G 4GB DDR3 SDRAM ECC REGISTERED 1066 PC3 SERVER MEMORY RAM,Free Shipping
